mql_id,seller_id,sdr_id,sr_id,won_date,business_segment,lead_type,lead_behaviour_profile,has_company,has_gtin,average_stock,business_type,declared_product_catalog_size,declared_monthly_revenue
MQL_00136,SELLER_018,SDR_004,SR_007,2025-01-20,mid_market,inbound,cold,yes,yes,236,manufacturer,1097,56088
MQL_00021,SELLER_019,SDR_005,SR_006,2025-01-01,smb,outbound,warm,yes,no,27,retailer,583,173211
MQL_00055,SELLER_013,SDR_001,SR_005,2025-01-16,mid_market,inbound,cold,yes,no,321,retailer,950,133529
MQL_00043,SELLER_016,SDR_012,SR_009,2025-01-06,smb,inbound,warm,yes,yes,371,retailer,382,233304
MQL_00072,SELLER_005,SDR_002,SR_007,2025-01-28,smb,inbound,warm,yes,no,59,retailer,588,228497
MQL_00037,SELLER_021,SDR_010,SR_001,2025-01-07,mid_market,outbound,cold,yes,no,274,reseller,845,114151
MQL_00112,SELLER_022,SDR_011,SR_001,2025-01-27,smb,inbound,cold,yes,no,52,reseller,928,16667
MQL_00114,SELLER_020,SDR_004,SR_009,2025-01-09,mid_market,inbound,cold,yes,no,150,retailer,738,35858
MQL_00126,SELLER_015,SDR_010,SR_002,2025-01-11,enterprise,outbound,hot,yes,yes,103,retailer,196,53669
MQL_00065,SELLER_019,SDR_011,SR_001,2025-01-11,smb,inbound,hot,yes,no,51,retailer,525,85683
MQL_00031,SELLER_022,SDR_011,SR_004,2025-01-27,enterprise,inbound,warm,yes,no,371,manufacturer,384,78128
MQL_00134,SELLER_019,SDR_006,SR_007,2025-01-05,smb,inbound,warm,yes,yes,161,manufacturer,920,74348
MQL_00090,SELLER_016,SDR_006,SR_010,2025-01-03,mid_market,outbound,cold,no,yes,28,retailer,809,45816
MQL_00023,SELLER_019,SDR_004,SR_007,2025-01-18,mid_market,outbound,hot,yes,no,56,retailer,451,72689
MQL_00004,SELLER_015,SDR_005,SR_001,2025-01-07,smb,inbound,warm,yes,no,310,manufacturer,782,152788
MQL_00111,SELLER_022,SDR_010,SR_001,2025-01-13,mid_market,inbound,cold,yes,yes,91,manufacturer,993,92742
MQL_00047,SELLER_021,SDR_002,SR_003,2025-01-11,mid_market,outbound,hot,no,yes,395,reseller,919,217132
MQL_00110,SELLER_015,SDR_010,SR_010,2025-01-20,enterprise,outbound,cold,no,no,437,reseller,537,194627
MQL_00060,SELLER_020,SDR_006,SR_008,2025-01-12,enterprise,outbound,warm,yes,yes,400,retailer,240,115358
MQL_00099,SELLER_025,SDR_005,SR_010,2025-01-14,mid_market,inbound,hot,yes,no,463,retailer,1093,57025
MQL_00086,SELLER_025,SDR_003,SR_003,2025-01-19,enterprise,outbound,hot,yes,no,415,reseller,728,125248
MQL_00045,SELLER_006,SDR_008,SR_001,2025-01-13,enterprise,inbound,hot,yes,no,167,reseller,398,66914
MQL_00094,SELLER_007,SDR_007,SR_002,2025-01-28,enterprise,inbound,hot,yes,yes,254,reseller,725,31191
MQL_00138,SELLER_018,SDR_011,SR_007,2025-01-16,enterprise,inbound,warm,no,no,371,reseller,216,106600
MQL_00028,SELLER_011,SDR_003,SR_007,2025-01-05,mid_market,outbound,cold,no,no,283,reseller,730,133007
MQL_00291,SELLER_014,SDR_002,SR_006,2025-01-10,mid_market,inbound,warm,yes,no,169,manufacturer,1004,14129
MQL_00147,SELLER_014,SDR_003,SR_003,2025-01-09,mid_market,inbound,warm,yes,no,361,retailer,227,176932
MQL_00197,SELLER_013,SDR_001,SR_003,2025-01-28,mid_market,inbound,cold,no,no,15,manufacturer,842,115744
MQL_00186,SELLER_002,SDR_005,SR_007,2025-01-25,mid_market,inbound,cold,no,no,409,manufacturer,706,226293
MQL_00201,SELLER_012,SDR_002,SR_003,2025-01-18,mid_market,outbound,cold,yes,yes,13,manufacturer,548,56803
MQL_00235,SELLER_027,SDR_010,SR_008,2025-01-17,mid_market,inbound,warm,yes,yes,72,manufacturer,962,101234
MQL_00233,SELLER_029,SDR_010,SR_006,2025-01-02,mid_market,outbound,warm,yes,yes,287,manufacturer,386,81871
MQL_00228,SELLER_014,SDR_001,SR_008,2025-01-12,mid_market,outbound,cold,yes,yes,192,retailer,94,144268
MQL_00269,SELLER_013,SDR_004,SR_003,2025-01-24,smb,inbound,hot,yes,no,230,manufacturer,727,125070
MQL_00141,SELLER_020,SDR_004,SR_009,2025-01-23,enterprise,outbound,hot,yes,no,200,reseller,320,164738
MQL_00242,SELLER_021,SDR_002,SR_007,2025-01-24,enterprise,inbound,warm,yes,no,215,reseller,396,200760
MQL_00160,SELLER_024,SDR_011,SR_002,2025-01-09,mid_market,inbound,hot,yes,no,325,retailer,1124,228934
MQL_00199,SELLER_008,SDR_012,SR_001,2025-01-26,mid_market,outbound,hot,no,no,392,retailer,400,77575
MQL_00176,SELLER_022,SDR_001,SR_010,2025-01-17,mid_market,inbound,cold,yes,no,12,manufacturer,444,9907
MQL_00268,SELLER_014,SDR_011,SR_003,2025-01-26,mid_market,outbound,warm,yes,yes,123,reseller,57,190862
MQL_00189,SELLER_008,SDR_002,SR_010,2025-01-11,mid_market,outbound,cold,no,no,287,manufacturer,994,248760
MQL_00152,SELLER_001,SDR_006,SR_006,2025-01-18,mid_market,outbound,warm,yes,no,447,retailer,1041,60217
MQL_00195,SELLER_023,SDR_003,SR_007,2025-01-18,mid_market,outbound,hot,yes,no,297,manufacturer,190,59408
MQL_00429,SELLER_010,SDR_009,SR_008,2025-01-25,smb,outbound,cold,yes,no,320,reseller,218,108743
MQL_00388,SELLER_007,SDR_002,SR_010,2025-01-07,mid_market,inbound,hot,no,no,190,reseller,876,241049
MQL_00371,SELLER_009,SDR_006,SR_006,2025-01-20,enterprise,inbound,cold,yes,no,125,manufacturer,1033,203397
MQL_00368,SELLER_010,SDR_008,SR_003,2025-01-15,smb,outbound,warm,yes,no,400,manufacturer,372,184136
MQL_00374,SELLER_013,SDR_010,SR_007,2025-01-04,mid_market,outbound,hot,yes,yes,80,retailer,1050,26104
MQL_00409,SELLER_019,SDR_012,SR_007,2025-01-20,smb,outbound,cold,yes,yes,301,retailer,986,184401
MQL_00413,SELLER_012,SDR_001,SR_010,2025-01-03,enterprise,outbound,cold,yes,yes,244,manufacturer,510,50930
MQL_00301,SELLER_030,SDR_012,SR_004,2025-01-16,mid_market,inbound,warm,yes,yes,115,retailer,964,125374
MQL_00333,SELLER_022,SDR_010,SR_008,2025-01-08,smb,inbound,warm,yes,no,456,reseller,521,126166
MQL_00453,SELLER_003,SDR_001,SR_001,2025-01-24,enterprise,outbound,cold,no,no,46,manufacturer,552,236566
MQL_00443,SELLER_018,SDR_002,SR_010,2025-01-23,enterprise,inbound,warm,no,yes,159,manufacturer,101,100256
MQL_00336,SELLER_023,SDR_009,SR_008,2025-01-13,mid_market,inbound,hot,yes,no,398,retailer,248,194266
MQL_00384,SELLER_012,SDR_007,SR_006,2025-01-06,smb,inbound,warm,yes,no,59,manufacturer,171,125125
MQL_00438,SELLER_016,SDR_004,SR_005,2025-01-23,mid_market,outbound,cold,no,no,413,manufacturer,548,153958
MQL_00404,SELLER_020,SDR_001,SR_003,2025-01-09,smb,outbound,hot,yes,no,298,manufacturer,616,85389
MQL_00400,SELLER_006,SDR_010,SR_005,2025-01-23,mid_market,outbound,cold,yes,yes,390,retailer,283,43410
MQL_00299,SELLER_010,SDR_007,SR_005,2025-01-20,enterprise,inbound,hot,yes,no,85,retailer,44,73005
MQL_00527,SELLER_030,SDR_008,SR_003,2025-01-28,enterprise,outbound,hot,no,no,17,retailer,152,94749
MQL_00528,SELLER_010,SDR_004,SR_004,2025-01-08,smb,outbound,cold,yes,yes,192,manufacturer,960,154266
MQL_00513,SELLER_030,SDR_001,SR_009,2025-01-21,smb,inbound,warm,yes,no,330,reseller,694,138016
MQL_00523,SELLER_009,SDR_009,SR_009,2025-01-03,enterprise,inbound,hot,no,yes,135,manufacturer,394,185800
MQL_00541,SELLER_028,SDR_004,SR_004,2025-01-21,enterprise,outbound,hot,yes,no,292,manufacturer,207,199801
MQL_00483,SELLER_024,SDR_002,SR_003,2025-01-07,enterprise,outbound,hot,yes,yes,134,retailer,997,126705
MQL_00506,SELLER_018,SDR_001,SR_006,2025-01-04,enterprise,inbound,hot,no,yes,236,reseller,994,56746
MQL_00544,SELLER_018,SDR_010,SR_004,2025-01-04,enterprise,outbound,warm,yes,no,450,reseller,926,208789
MQL_00481,SELLER_007,SDR_010,SR_010,2025-01-21,mid_market,inbound,warm,no,no,262,retailer,381,91150
MQL_00537,SELLER_016,SDR_009,SR_005,2025-01-17,enterprise,outbound,warm,yes,no,150,retailer,1169,136874
MQL_00526,SELLER_021,SDR_008,SR_002,2025-01-10,smb,outbound,hot,yes,no,263,reseller,386,22186
MQL_00502,SELLER_014,SDR_011,SR_005,2025-01-25,smb,outbound,warm,yes,yes,408,reseller,494,60893
MQL_00509,SELLER_017,SDR_005,SR_006,2025-01-10,enterprise,outbound,hot,yes,yes,302,retailer,336,89873
MQL_00510,SELLER_007,SDR_007,SR_003,2025-01-06,smb,inbound,warm,no,no,409,retailer,571,64958
MQL_00615,SELLER_014,SDR_006,SR_003,2025-01-02,mid_market,outbound,hot,yes,yes,348,retailer,544,82279
MQL_00593,SELLER_012,SDR_001,SR_006,2025-01-27,mid_market,outbound,warm,yes,yes,326,retailer,921,229501
MQL_00602,SELLER_004,SDR_002,SR_004,2025-01-09,smb,outbound,cold,no,no,497,reseller,818,185302
MQL_00573,SELLER_016,SDR_004,SR_005,2025-01-23,enterprise,outbound,hot,yes,yes,337,manufacturer,585,146006
MQL_00594,SELLER_015,SDR_005,SR_002,2025-01-12,mid_market,inbound,cold,yes,no,406,retailer,867,221088
MQL_00597,SELLER_028,SDR_003,SR_010,2025-01-05,mid_market,inbound,cold,yes,no,135,manufacturer,1192,148284
MQL_00600,SELLER_022,SDR_005,SR_009,2025-01-25,enterprise,outbound,cold,yes,yes,405,reseller,662,228722
MQL_00595,SELLER_029,SDR_008,SR_004,2025-01-12,smb,outbound,warm,yes,no,195,manufacturer,427,182646
MQL_00583,SELLER_009,SDR_005,SR_010,2025-01-23,enterprise,inbound,hot,yes,no,228,manufacturer,1016,214216
MQL_00574,SELLER_027,SDR_009,SR_001,2025-01-02,enterprise,outbound,hot,no,yes,268,manufacturer,1123,133977
MQL_00582,SELLER_019,SDR_006,SR_002,2025-01-10,enterprise,inbound,cold,yes,yes,282,reseller,1071,226852
MQL_00591,SELLER_003,SDR_010,SR_008,2025-01-28,enterprise,inbound,hot,no,no,248,manufacturer,331,175509
MQL_00580,SELLER_003,SDR_003,SR_010,2025-01-11,mid_market,outbound,cold,no,yes,215,retailer,621,6665
MQL_00603,SELLER_027,SDR_007,SR_001,2025-01-20,smb,inbound,warm,no,yes,142,reseller,688,144556
MQL_00581,SELLER_021,SDR_011,SR_004,2025-01-15,enterprise,outbound,cold,yes,yes,405,reseller,442,85866
MQL_00555,SELLER_004,SDR_001,SR_009,2025-01-06,enterprise,inbound,hot,yes,yes,177,manufacturer,491,177534
MQL_00612,SELLER_007,SDR_005,SR_003,2025-01-07,mid_market,outbound,hot,yes,no,23,reseller,920,37272
MQL_00613,SELLER_013,SDR_001,SR_008,2025-01-27,enterprise,inbound,warm,yes,no,234,manufacturer,426,58905
MQL_00701,SELLER_016,SDR_005,SR_009,2025-01-12,smb,outbound,hot,yes,no,421,manufacturer,839,229786
MQL_00730,SELLER_012,SDR_006,SR_005,2025-01-04,smb,outbound,cold,yes,yes,369,reseller,818,234622
MQL_00641,SELLER_001,SDR_005,SR_006,2025-01-16,smb,inbound,hot,yes,yes,75,retailer,338,41757
MQL_00637,SELLER_016,SDR_001,SR_001,2025-01-23,enterprise,inbound,cold,yes,no,326,manufacturer,342,114901
MQL_00648,SELLER_006,SDR_009,SR_003,2025-01-06,enterprise,inbound,warm,yes,yes,25,manufacturer,437,85233
MQL_00690,SELLER_021,SDR_006,SR_005,2025-01-13,enterprise,outbound,hot,yes,no,24,manufacturer,90,197662
MQL_00742,SELLER_005,SDR_007,SR_001,2025-01-28,enterprise,outbound,cold,yes,yes,61,reseller,734,240192
MQL_00700,SELLER_003,SDR_007,SR_002,2025-01-08,smb,outbound,warm,no,no,78,retailer,21,86639
MQL_00718,SELLER_016,SDR_005,SR_003,2025-01-16,mid_market,outbound,cold,yes,no,262,retailer,1189,56455
MQL_00692,SELLER_008,SDR_009,SR_003,2025-01-05,smb,inbound,cold,yes,yes,377,manufacturer,598,237500
MQL_00749,SELLER_004,SDR_004,SR_004,2025-01-20,mid_market,inbound,cold,yes,no,373,manufacturer,1084,140503
MQL_00646,SELLER_029,SDR_005,SR_003,2025-01-19,mid_market,outbound,warm,yes,yes,392,manufacturer,118,213193
MQL_00722,SELLER_006,SDR_001,SR_003,2025-01-07,enterprise,inbound,hot,yes,no,175,reseller,1191,131032
MQL_00652,SELLER_028,SDR_006,SR_004,2025-01-16,enterprise,outbound,warm,yes,no,328,manufacturer,1137,120307
MQL_00741,SELLER_024,SDR_005,SR_009,2025-01-04,mid_market,outbound,hot,yes,no,423,manufacturer,1144,124620
MQL_00688,SELLER_004,SDR_011,SR_006,2025-01-22,enterprise,outbound,hot,yes,no,338,reseller,1132,38089
MQL_00720,SELLER_008,SDR_008,SR_002,2025-01-04,smb,outbound,hot,yes,no,241,manufacturer,1153,26749
MQL_00703,SELLER_017,SDR_003,SR_007,2025-01-28,enterprise,inbound,hot,yes,yes,111,retailer,744,142776
MQL_00671,SELLER_025,SDR_003,SR_010,2025-01-20,enterprise,inbound,cold,yes,yes,365,retailer,361,103165
MQL_00721,SELLER_004,SDR_011,SR_003,2025-01-06,enterprise,inbound,cold,yes,no,449,reseller,590,17822
MQL_00666,SELLER_010,SDR_007,SR_009,2025-01-13,mid_market,outbound,warm,yes,yes,379,manufacturer,20,24626
MQL_00679,SELLER_023,SDR_009,SR_005,2025-01-09,smb,inbound,hot,no,yes,83,manufacturer,348,205433
MQL_00650,SELLER_008,SDR_007,SR_003,2025-01-26,enterprise,outbound,warm,yes,yes,437,manufacturer,164,64324
MQL_00738,SELLER_005,SDR_007,SR_002,2025-01-09,enterprise,inbound,hot,no,yes,354,manufacturer,690,7823
MQL_00748,SELLER_004,SDR_009,SR_005,2025-01-21,enterprise,inbound,cold,no,yes,348,manufacturer,631,220545
MQL_00746,SELLER_018,SDR_012,SR_010,2025-01-04,mid_market,inbound,hot,yes,no,496,reseller,801,224670
MQL_00780,SELLER_023,SDR_008,SR_004,2025-02-04,enterprise,outbound,hot,no,no,63,retailer,1019,151976
MQL_00871,SELLER_027,SDR_010,SR_007,2025-02-20,enterprise,outbound,hot,yes,yes,304,reseller,260,205286
MQL_00861,SELLER_012,SDR_010,SR_010,2025-02-08,mid_market,outbound,cold,yes,no,341,manufacturer,963,155298
MQL_00795,SELLER_017,SDR_001,SR_007,2025-02-28,enterprise,outbound,cold,yes,yes,300,reseller,69,170287
MQL_00876,SELLER_004,SDR_005,SR_007,2025-02-11,smb,outbound,warm,yes,no,190,reseller,586,121918
MQL_00826,SELLER_002,SDR_006,SR_008,2025-02-26,enterprise,outbound,hot,yes,no,389,manufacturer,733,209726
MQL_00809,SELLER_006,SDR_008,SR_002,2025-02-27,mid_market,outbound,cold,yes,no,434,manufacturer,227,244644
MQL_00885,SELLER_003,SDR_011,SR_007,2025-02-24,mid_market,outbound,cold,yes,no,113,manufacturer,1014,96906
MQL_00778,SELLER_026,SDR_008,SR_006,2025-02-11,smb,inbound,warm,yes,yes,107,retailer,655,243244
MQL_00774,SELLER_023,SDR_011,SR_009,2025-02-17,mid_market,inbound,warm,yes,yes,57,reseller,848,228401
MQL_00844,SELLER_005,SDR_012,SR_006,2025-02-09,enterprise,outbound,warm,yes,no,63,retailer,621,165804
MQL_00813,SELLER_003,SDR_006,SR_004,2025-02-19,mid_market,inbound,hot,yes,no,23,manufacturer,479,223430
MQL_00878,SELLER_008,SDR_004,SR_004,2025-02-23,mid_market,inbound,hot,yes,no,134,reseller,1009,224658
MQL_00862,SELLER_014,SDR_009,SR_009,2025-02-15,enterprise,inbound,warm,yes,no,331,retailer,812,200767
MQL_00859,SELLER_023,SDR_006,SR_005,2025-02-09,mid_market,outbound,warm,yes,no,286,manufacturer,177,186717
MQL_00766,SELLER_011,SDR_012,SR_004,2025-02-05,enterprise,inbound,hot,no,no,63,retailer,486,193771
MQL_00891,SELLER_023,SDR_012,SR_009,2025-02-12,smb,outbound,warm,yes,no,326,manufacturer,1038,159943
MQL_00823,SELLER_003,SDR_003,SR_001,2025-02-14,enterprise,outbound,cold,yes,no,254,retailer,322,21718
MQL_00822,SELLER_012,SDR_002,SR_005,2025-02-22,enterprise,outbound,cold,yes,no,230,retailer,293,108873
MQL_00816,SELLER_022,SDR_008,SR_005,2025-02-07,enterprise,outbound,warm,yes,no,83,retailer,664,231160
MQL_00836,SELLER_020,SDR_001,SR_006,2025-02-01,enterprise,inbound,hot,yes,no,383,reseller,418,70221
MQL_00805,SELLER_025,SDR_003,SR_003,2025-02-20,smb,outbound,cold,yes,no,55,reseller,846,155471
MQL_00837,SELLER_022,SDR_007,SR_007,2025-02-23,mid_market,outbound,hot,yes,yes,59,manufacturer,747,51507
MQL_00892,SELLER_014,SDR_005,SR_008,2025-02-23,smb,inbound,warm,no,yes,126,manufacturer,187,94055
MQL_00784,SELLER_025,SDR_002,SR_009,2025-02-15,mid_market,inbound,cold,yes,yes,359,manufacturer,215,49174
MQL_00797,SELLER_017,SDR_001,SR_001,2025-02-01,mid_market,outbound,warm,yes,no,449,reseller,373,54409
MQL_00762,SELLER_020,SDR_008,SR_003,2025-02-21,enterprise,inbound,warm,yes,yes,317,manufacturer,1195,51380
MQL_00753,SELLER_023,SDR_003,SR_009,2025-02-15,smb,outbound,hot,yes,yes,423,manufacturer,616,33252
MQL_00946,SELLER_008,SDR_006,SR_003,2025-02-11,smb,outbound,hot,no,yes,193,reseller,1003,217574
MQL_01051,SELLER_030,SDR_011,SR_010,2025-02-27,smb,inbound,cold,yes,no,397,retailer,431,79071
MQL_01032,SELLER_005,SDR_008,SR_004,2025-02-11,mid_market,outbound,warm,no,no,52,manufacturer,68,133775
MQL_00942,SELLER_011,SDR_009,SR_008,2025-02-04,enterprise,outbound,warm,no,no,404,retailer,132,143294
MQL_00925,SELLER_002,SDR_004,SR_002,2025-02-27,mid_market,inbound,cold,yes,yes,283,reseller,116,84415
MQL_01027,SELLER_007,SDR_006,SR_009,2025-02-13,smb,outbound,cold,yes,no,358,retailer,111,243724
MQL_00949,SELLER_004,SDR_008,SR_003,2025-02-07,smb,outbound,hot,yes,no,115,retailer,51,16857
MQL_01054,SELLER_007,SDR_012,SR_002,2025-02-13,mid_market,inbound,hot,yes,yes,209,reseller,781,245539
MQL_00939,SELLER_013,SDR_001,SR_003,2025-02-27,smb,inbound,cold,yes,no,358,retailer,654,58707
MQL_01056,SELLER_024,SDR_005,SR_007,2025-02-21,enterprise,inbound,warm,no,no,152,reseller,1019,71433
MQL_00986,SELLER_001,SDR_011,SR_007,2025-02-20,smb,outbound,hot,yes,yes,336,reseller,256,46660
MQL_01016,SELLER_016,SDR_002,SR_003,2025-02-26,enterprise,outbound,hot,yes,no,155,retailer,606,79633
MQL_01068,SELLER_019,SDR_005,SR_002,2025-02-28,smb,outbound,hot,yes,no,112,reseller,1081,14357
MQL_01040,SELLER_016,SDR_002,SR_002,2025-02-16,smb,inbound,warm,yes,yes,400,retailer,158,68373
MQL_00999,SELLER_020,SDR_006,SR_008,2025-02-14,enterprise,inbound,warm,yes,yes,403,reseller,671,16470
MQL_01014,SELLER_001,SDR_003,SR_006,2025-02-19,mid_market,inbound,warm,no,yes,471,retailer,135,107580
MQL_00929,SELLER_005,SDR_005,SR_009,2025-02-13,smb,inbound,hot,yes,no,346,retailer,918,11634
MQL_01071,SELLER_015,SDR_002,SR_004,2025-02-28,enterprise,outbound,cold,yes,yes,290,manufacturer,136,34193
MQL_01041,SELLER_003,SDR_007,SR_009,2025-02-22,enterprise,inbound,cold,yes,no,199,reseller,313,241327
MQL_00916,SELLER_022,SDR_004,SR_001,2025-02-04,mid_market,inbound,cold,yes,no,403,retailer,265,229658
MQL_01089,SELLER_021,SDR_008,SR_008,2025-02-12,smb,outbound,cold,yes,yes,83,manufacturer,377,106830
MQL_01224,SELLER_029,SDR_003,SR_006,2025-02-09,enterprise,inbound,warm,yes,yes,31,manufacturer,860,191302
MQL_01219,SELLER_028,SDR_004,SR_007,2025-02-18,smb,outbound,hot,no,no,462,manufacturer,963,197269
MQL_01098,SELLER_015,SDR_007,SR_008,2025-02-15,mid_market,outbound,warm,no,yes,380,retailer,441,69489
MQL_01085,SELLER_023,SDR_004,SR_010,2025-02-07,smb,outbound,warm,no,no,339,manufacturer,457,107977
MQL_01201,SELLER_016,SDR_002,SR_009,2025-02-05,enterprise,outbound,warm,no,yes,112,reseller,711,149623
MQL_01178,SELLER_022,SDR_007,SR_009,2025-02-06,mid_market,inbound,warm,yes,yes,207,retailer,372,76649
MQL_01152,SELLER_022,SDR_010,SR_003,2025-02-24,enterprise,outbound,cold,yes,yes,220,manufacturer,979,69408
MQL_01179,SELLER_024,SDR_003,SR_008,2025-02-28,mid_market,inbound,cold,yes,yes,53,reseller,37,246217
MQL_01195,SELLER_028,SDR_001,SR_006,2025-02-28,smb,outbound,warm,yes,yes,500,reseller,649,225378
MQL_01140,SELLER_012,SDR_010,SR_006,2025-02-03,enterprise,outbound,warm,yes,yes,158,manufacturer,227,215327
MQL_01205,SELLER_006,SDR_003,SR_003,2025-02-18,mid_market,inbound,cold,no,yes,297,retailer,981,188464
MQL_01144,SELLER_023,SDR_004,SR_002,2025-02-09,enterprise,inbound,warm,yes,yes,79,manufacturer,988,104449
MQL_01228,SELLER_029,SDR_006,SR_002,2025-02-03,smb,inbound,cold,yes,no,479,reseller,247,212347
MQL_01301,SELLER_007,SDR_011,SR_006,2025-02-22,mid_market,inbound,warm,no,yes,328,retailer,875,49318
MQL_01272,SELLER_028,SDR_005,SR_004,2025-02-12,enterprise,outbound,cold,yes,no,173,reseller,126,175237
MQL_01282,SELLER_023,SDR_005,SR_005,2025-02-08,mid_market,outbound,warm,yes,no,393,retailer,958,177860
MQL_01300,SELLER_011,SDR_009,SR_001,2025-02-03,smb,inbound,cold,yes,no,204,reseller,982,104619
MQL_01299,SELLER_002,SDR_012,SR_005,2025-02-13,enterprise,outbound,warm,yes,no,218,retailer,720,39692
MQL_01249,SELLER_024,SDR_005,SR_009,2025-02-12,smb,outbound,warm,yes,yes,477,manufacturer,193,216150
MQL_01283,SELLER_030,SDR_006,SR_009,2025-02-22,smb,inbound,hot,yes,yes,48,reseller,784,22028
MQL_01306,SELLER_019,SDR_004,SR_002,2025-02-05,smb,inbound,cold,yes,no,455,retailer,164,45958
MQL_01288,SELLER_021,SDR_008,SR_006,2025-02-19,enterprise,inbound,cold,yes,yes,370,reseller,428,245648
MQL_01270,SELLER_030,SDR_002,SR_003,2025-02-24,smb,inbound,hot,no,yes,117,reseller,182,106423
MQL_01269,SELLER_021,SDR_009,SR_004,2025-02-11,mid_market,inbound,cold,no,yes,250,manufacturer,145,121003
MQL_01307,SELLER_006,SDR_006,SR_004,2025-02-07,smb,outbound,cold,yes,no,269,retailer,604,62215
MQL_01317,SELLER_009,SDR_006,SR_004,2025-02-14,enterprise,inbound,cold,yes,no,396,reseller,152,21153
MQL_01329,SELLER_016,SDR_006,SR_001,2025-02-03,enterprise,outbound,hot,no,yes,391,retailer,200,88466
MQL_01332,SELLER_025,SDR_006,SR_010,2025-02-19,enterprise,inbound,cold,yes,no,240,manufacturer,1003,102109
MQL_01323,SELLER_010,SDR_008,SR_006,2025-02-16,enterprise,inbound,hot,yes,yes,363,manufacturer,859,126882
MQL_01316,SELLER_011,SDR_007,SR_008,2025-02-15,mid_market,outbound,hot,yes,no,224,reseller,305,211639
MQL_01363,SELLER_013,SDR_011,SR_003,2025-02-11,mid_market,outbound,hot,no,yes,87,retailer,396,61883
MQL_01341,SELLER_001,SDR_007,SR_008,2025-02-04,smb,outbound,warm,yes,yes,264,manufacturer,344,84566
MQL_01343,SELLER_028,SDR_009,SR_005,2025-02-27,smb,inbound,warm,no,no,232,reseller,1018,179532
MQL_01319,SELLER_012,SDR_002,SR_002,2025-02-02,mid_market,outbound,cold,yes,yes,130,retailer,1032,215664
MQL_01351,SELLER_014,SDR_008,SR_001,2025-02-07,mid_market,inbound,warm,yes,no,323,reseller,285,143841
MQL_01314,SELLER_011,SDR_012,SR_006,2025-02-10,enterprise,inbound,warm,no,yes,19,manufacturer,777,114314
MQL_01367,SELLER_007,SDR_006,SR_004,2025-02-08,mid_market,outbound,warm,yes,no,367,reseller,280,89366
MQL_01355,SELLER_021,SDR_010,SR_004,2025-02-26,enterprise,inbound,hot,no,no,465,reseller,661,138945
MQL_01311,SELLER_013,SDR_003,SR_010,2025-02-04,mid_market,inbound,cold,no,no,318,retailer,564,22544
MQL_01423,SELLER_021,SDR_004,SR_010,2025-02-26,enterprise,inbound,warm,yes,yes,278,retailer,598,70071
MQL_01444,SELLER_013,SDR_007,SR_001,2025-02-26,mid_market,outbound,hot,yes,no,22,reseller,883,25633
MQL_01410,SELLER_015,SDR_003,SR_008,2025-02-12,enterprise,outbound,cold,yes,no,398,manufacturer,240,76710
MQL_01467,SELLER_009,SDR_004,SR_010,2025-02-15,mid_market,outbound,hot,yes,no,499,reseller,273,18742
MQL_01389,SELLER_011,SDR_009,SR_008,2025-02-28,mid_market,inbound,warm,no,yes,331,manufacturer,683,108687
MQL_01434,SELLER_011,SDR_010,SR_001,2025-02-06,enterprise,outbound,warm,yes,yes,380,retailer,290,135200
MQL_01405,SELLER_030,SDR_002,SR_003,2025-02-03,smb,inbound,cold,yes,yes,57,manufacturer,751,93646
MQL_01402,SELLER_014,SDR_006,SR_002,2025-02-03,mid_market,outbound,cold,yes,no,338,manufacturer,337,148680
MQL_01455,SELLER_003,SDR_004,SR_008,2025-02-27,smb,inbound,warm,yes,yes,38,retailer,1162,11350
MQL_01374,SELLER_021,SDR_012,SR_004,2025-02-02,mid_market,inbound,hot,yes,yes,496,reseller,301,136225
MQL_01415,SELLER_011,SDR_007,SR_007,2025-02-11,smb,outbound,warm,yes,no,291,reseller,102,57461
MQL_01419,SELLER_002,SDR_004,SR_004,2025-02-19,enterprise,outbound,hot,yes,yes,307,manufacturer,1062,240557
MQL_01479,SELLER_006,SDR_007,SR_004,2025-02-27,smb,inbound,cold,yes,no,294,manufacturer,1066,106821
MQL_01453,SELLER_027,SDR_004,SR_010,2025-02-06,mid_market,outbound,hot,yes,no,211,reseller,604,123397
MQL_01435,SELLER_015,SDR_010,SR_009,2025-02-01,mid_market,inbound,hot,yes,yes,208,reseller,441,57466
MQL_01445,SELLER_019,SDR_012,SR_005,2025-02-25,enterprise,inbound,cold,yes,no,247,reseller,490,153595
MQL_01392,SELLER_009,SDR_004,SR_009,2025-02-27,smb,outbound,hot,yes,yes,450,manufacturer,442,135965
MQL_01474,SELLER_013,SDR_012,SR_006,2025-02-24,mid_market,outbound,cold,yes,no,255,retailer,604,213405
MQL_01408,SELLER_028,SDR_004,SR_002,2025-02-22,enterprise,inbound,hot,yes,yes,448,reseller,581,248835
MQL_01414,SELLER_010,SDR_008,SR_007,2025-02-01,enterprise,inbound,hot,yes,no,120,retailer,410,115930
MQL_01436,SELLER_029,SDR_006,SR_002,2025-02-24,mid_market,outbound,cold,yes,no,404,reseller,265,84180
MQL_01486,SELLER_009,SDR_008,SR_004,2025-02-05,smb,inbound,warm,yes,yes,67,reseller,500,124339
MQL_01451,SELLER_029,SDR_010,SR_009,2025-02-28,mid_market,outbound,hot,no,yes,384,retailer,333,61485
MQL_01442,SELLER_013,SDR_011,SR_007,2025-02-03,smb,inbound,warm,no,no,221,reseller,47,156194
MQL_01399,SELLER_022,SDR_002,SR_005,2025-02-02,enterprise,outbound,cold,no,yes,420,manufacturer,69,180962
MQL_01493,SELLER_028,SDR_004,SR_004,2025-02-09,enterprise,outbound,hot,yes,no,296,retailer,1020,212608
MQL_01518,SELLER_014,SDR_002,SR_010,2025-03-12,mid_market,inbound,warm,yes,no,240,retailer,356,238240
MQL_01579,SELLER_011,SDR_009,SR_003,2025-03-02,enterprise,outbound,cold,yes,yes,427,reseller,831,26428
MQL_01599,SELLER_014,SDR_002,SR_009,2025-03-27,enterprise,inbound,cold,yes,yes,140,retailer,357,198910
MQL_01528,SELLER_022,SDR_012,SR_006,2025-03-08,mid_market,inbound,warm,yes,no,277,retailer,824,62428
MQL_01600,SELLER_012,SDR_012,SR_007,2025-03-19,enterprise,inbound,hot,no,yes,437,retailer,405,192748
MQL_01622,SELLER_029,SDR_009,SR_002,2025-03-01,mid_market,inbound,hot,yes,yes,396,manufacturer,640,221329
MQL_01626,SELLER_018,SDR_011,SR_002,2025-03-07,smb,inbound,hot,yes,no,71,reseller,400,221965
MQL_01645,SELLER_022,SDR_002,SR_002,2025-03-25,mid_market,outbound,hot,no,no,348,manufacturer,41,187928
MQL_01547,SELLER_010,SDR_006,SR_007,2025-03-20,mid_market,inbound,warm,no,no,335,retailer,105,183026
MQL_01601,SELLER_002,SDR_008,SR_006,2025-03-16,mid_market,inbound,warm,no,no,395,retailer,220,115808
MQL_01648,SELLER_019,SDR_010,SR_006,2025-03-23,enterprise,outbound,hot,no,yes,259,reseller,992,71101
MQL_01644,SELLER_003,SDR_002,SR_004,2025-03-18,enterprise,inbound,warm,no,no,133,retailer,981,14002
MQL_01543,SELLER_010,SDR_009,SR_008,2025-03-11,smb,outbound,hot,yes,yes,313,retailer,77,137722
MQL_01588,SELLER_003,SDR_009,SR_003,2025-03-15,mid_market,outbound,cold,no,yes,139,retailer,260,188033
MQL_01594,SELLER_016,SDR_003,SR_008,2025-03-17,mid_market,inbound,hot,yes,no,228,reseller,337,224512
MQL_01610,SELLER_007,SDR_008,SR_008,2025-03-03,smb,inbound,warm,yes,no,32,manufacturer,394,63568
MQL_01550,SELLER_028,SDR_011,SR_010,2025-03-11,mid_market,inbound,cold,no,yes,61,reseller,305,39602
MQL_01608,SELLER_020,SDR_010,SR_001,2025-03-24,mid_market,outbound,warm,no,yes,372,retailer,774,171417
MQL_01647,SELLER_004,SDR_007,SR_008,2025-03-18,smb,outbound,warm,no,yes,43,reseller,558,235105
MQL_01625,SELLER_012,SDR_008,SR_007,2025-03-22,enterprise,inbound,hot,yes,yes,92,reseller,1188,53966
MQL_01643,SELLER_007,SDR_008,SR_009,2025-03-22,mid_market,outbound,warm,yes,yes,308,manufacturer,257,151713
MQL_01580,SELLER_008,SDR_004,SR_003,2025-03-02,mid_market,inbound,cold,no,yes,200,reseller,1064,211592
MQL_01650,SELLER_004,SDR_009,SR_005,2025-03-01,enterprise,inbound,warm,yes,no,481,reseller,1003,215036
MQL_01632,SELLER_007,SDR_011,SR_008,2025-03-07,mid_market,outbound,hot,yes,yes,208,retailer,1128,230101
MQL_01642,SELLER_003,SDR_003,SR_003,2025-03-26,enterprise,inbound,hot,no,yes,299,reseller,525,169348
MQL_01818,SELLER_028,SDR_011,SR_003,2025-03-21,smb,outbound,warm,yes,no,317,reseller,874,22389
MQL_01750,SELLER_003,SDR_012,SR_003,2025-03-18,enterprise,inbound,warm,yes,no,153,manufacturer,719,84559
MQL_01715,SELLER_018,SDR_010,SR_006,2025-03-27,mid_market,outbound,cold,no,no,397,retailer,1167,247077
MQL_01725,SELLER_020,SDR_010,SR_010,2025-03-22,smb,outbound,warm,yes,no,185,retailer,1078,166576
MQL_01762,SELLER_003,SDR_005,SR_005,2025-03-21,mid_market,outbound,cold,yes,no,484,manufacturer,510,153377
MQL_01673,SELLER_012,SDR_005,SR_004,2025-03-07,mid_market,outbound,warm,yes,no,352,retailer,405,206408
MQL_01768,SELLER_029,SDR_003,SR_005,2025-03-20,smb,outbound,cold,yes,yes,418,manufacturer,1085,50459
MQL_01668,SELLER_024,SDR_012,SR_005,2025-03-04,enterprise,inbound,hot,yes,yes,464,retailer,1037,103303
MQL_01740,SELLER_013,SDR_008,SR_005,2025-03-08,enterprise,outbound,cold,yes,yes,140,retailer,167,71200
MQL_01759,SELLER_013,SDR_009,SR_007,2025-03-04,smb,inbound,hot,yes,no,242,retailer,587,138986
MQL_01665,SELLER_014,SDR_004,SR_005,2025-03-19,smb,outbound,cold,no,yes,253,manufacturer,812,87088
MQL_01707,SELLER_005,SDR_003,SR_002,2025-03-04,mid_market,inbound,hot,yes,no,65,retailer,1116,75363
MQL_01829,SELLER_026,SDR_002,SR_007,2025-03-05,smb,inbound,cold,yes,yes,67,manufacturer,587,79498
MQL_01753,SELLER_008,SDR_004,SR_004,2025-03-14,enterprise,outbound,cold,yes,yes,87,reseller,1153,158123
MQL_01758,SELLER_025,SDR_004,SR_003,2025-03-11,mid_market,inbound,cold,yes,yes,56,retailer,572,217218
MQL_01773,SELLER_004,SDR_002,SR_004,2025-03-16,mid_market,inbound,hot,no,yes,466,reseller,471,78261
MQL_01813,SELLER_001,SDR_004,SR_005,2025-03-04,mid_market,outbound,warm,yes,yes,61,reseller,856,191757
MQL_01843,SELLER_015,SDR_003,SR_007,2025-03-15,enterprise,outbound,hot,yes,yes,461,retailer,1026,119465
MQL_01690,SELLER_029,SDR_009,SR_006,2025-03-26,mid_market,inbound,warm,no,no,320,reseller,783,42883
MQL_01780,SELLER_003,SDR_010,SR_007,2025-03-23,smb,outbound,hot,yes,no,190,manufacturer,581,70212
MQL_01815,SELLER_010,SDR_004,SR_007,2025-03-23,enterprise,outbound,hot,yes,yes,241,retailer,64,106939
MQL_01788,SELLER_012,SDR_006,SR_007,2025-03-19,smb,outbound,warm,no,no,55,manufacturer,542,96286
MQL_01841,SELLER_009,SDR_006,SR_005,2025-03-08,mid_market,inbound,hot,yes,yes,443,reseller,801,100570
MQL_01904,SELLER_014,SDR_005,SR_003,2025-03-28,smb,outbound,warm,yes,yes,128,reseller,126,155106
MQL_01869,SELLER_026,SDR_012,SR_003,2025-03-21,mid_market,outbound,warm,yes,yes,18,reseller,177,22663
MQL_01886,SELLER_004,SDR_005,SR_003,2025-03-25,enterprise,inbound,warm,yes,yes,88,retailer,402,69394
MQL_01987,SELLER_001,SDR_006,SR_003,2025-03-26,mid_market,inbound,cold,yes,no,79,reseller,119,127963
MQL_01858,SELLER_028,SDR_003,SR_004,2025-03-05,enterprise,outbound,cold,yes,no,135,manufacturer,378,191177
MQL_01910,SELLER_023,SDR_004,SR_003,2025-03-04,enterprise,inbound,hot,no,yes,10,manufacturer,963,143646
MQL_01866,SELLER_016,SDR_011,SR_007,2025-03-26,enterprise,outbound,cold,no,no,412,retailer,849,202035
MQL_01980,SELLER_017,SDR_007,SR_003,2025-03-09,enterprise,outbound,hot,yes,yes,47,retailer,772,225711
MQL_01911,SELLER_004,SDR_010,SR_007,2025-03-10,mid_market,outbound,warm,yes,yes,171,manufacturer,426,201689
MQL_01961,SELLER_007,SDR_007,SR_003,2025-03-01,mid_market,inbound,cold,yes,no,135,reseller,53,241061
MQL_01884,SELLER_029,SDR_008,SR_005,2025-03-08,mid_market,outbound,warm,no,no,461,reseller,968,39187
MQL_01921,SELLER_002,SDR_004,SR_003,2025-03-14,enterprise,inbound,warm,yes,yes,189,manufacturer,811,237533
MQL_01882,SELLER_028,SDR_007,SR_002,2025-03-21,enterprise,outbound,warm,no,yes,488,manufacturer,158,97401
MQL_02030,SELLER_017,SDR_006,SR_001,2025-03-21,mid_market,outbound,warm,no,no,328,manufacturer,603,101460
MQL_02055,SELLER_026,SDR_009,SR_010,2025-03-02,smb,outbound,warm,no,yes,351,retailer,1179,137631
MQL_02012,SELLER_005,SDR_007,SR_006,2025-03-03,enterprise,outbound,cold,yes,yes,82,reseller,210,166709
MQL_01992,SELLER_009,SDR_007,SR_004,2025-03-13,smb,inbound,warm,yes,yes,109,manufacturer,1185,55767
MQL_02003,SELLER_026,SDR_003,SR_007,2025-03-14,enterprise,outbound,hot,yes,yes,93,reseller,563,195641
MQL_02009,SELLER_026,SDR_002,SR_004,2025-03-16,mid_market,inbound,cold,no,yes,50,retailer,961,217779
MQL_02062,SELLER_020,SDR_012,SR_006,2025-03-11,mid_market,outbound,cold,yes,no,279,reseller,1085,183939
MQL_02025,SELLER_026,SDR_010,SR_004,2025-03-09,smb,inbound,warm,no,no,178,retailer,635,135776
MQL_01998,SELLER_013,SDR_001,SR_010,2025-03-24,mid_market,outbound,hot,yes,yes,442,reseller,529,126725
MQL_01994,SELLER_030,SDR_002,SR_009,2025-03-05,enterprise,outbound,warm,no,no,300,manufacturer,632,26267
MQL_02056,SELLER_006,SDR_010,SR_008,2025-03-08,enterprise,inbound,warm,yes,no,217,manufacturer,335,113586
MQL_02018,SELLER_001,SDR_006,SR_006,2025-03-16,smb,outbound,hot,no,no,485,manufacturer,458,111251
MQL_02103,SELLER_024,SDR_001,SR_003,2025-03-26,enterprise,outbound,warm,yes,yes,36,reseller,985,51549
MQL_02109,SELLER_005,SDR_005,SR_006,2025-03-02,enterprise,outbound,cold,yes,yes,94,manufacturer,696,31206
MQL_02104,SELLER_019,SDR_002,SR_001,2025-03-02,enterprise,inbound,hot,yes,no,431,manufacturer,240,75079
MQL_02094,SELLER_010,SDR_010,SR_009,2025-03-19,smb,outbound,hot,yes,no,320,manufacturer,342,173680
MQL_02136,SELLER_023,SDR_009,SR_002,2025-03-25,mid_market,inbound,cold,yes,yes,211,manufacturer,353,187166
MQL_02083,SELLER_026,SDR_008,SR_006,2025-03-16,enterprise,outbound,warm,no,no,423,reseller,653,179654
MQL_02111,SELLER_007,SDR_004,SR_008,2025-03-11,smb,inbound,hot,yes,yes,310,reseller,322,33226
MQL_02093,SELLER_005,SDR_003,SR_002,2025-03-15,mid_market,outbound,cold,yes,yes,377,manufacturer,911,112447
MQL_02110,SELLER_030,SDR_011,SR_009,2025-03-04,enterprise,outbound,cold,yes,no,345,reseller,765,46033
MQL_02097,SELLER_007,SDR_006,SR_002,2025-03-13,smb,inbound,warm,no,yes,426,manufacturer,969,177577
MQL_02127,SELLER_026,SDR_012,SR_006,2025-03-13,mid_market,inbound,warm,no,no,500,retailer,396,6950
MQL_02078,SELLER_026,SDR_003,SR_005,2025-03-28,mid_market,inbound,warm,yes,yes,31,reseller,511,139423
MQL_02079,SELLER_016,SDR_005,SR_004,2025-03-20,enterprise,inbound,warm,yes,yes,333,manufacturer,722,214769
MQL_02128,SELLER_012,SDR_006,SR_001,2025-03-20,smb,outbound,cold,yes,yes,85,manufacturer,1054,76682
MQL_02126,SELLER_013,SDR_009,SR_010,2025-03-17,enterprise,inbound,warm,yes,no,378,retailer,1140,81072
MQL_02236,SELLER_029,SDR_011,SR_001,2025-03-10,smb,outbound,warm,yes,yes,281,reseller,103,63143
MQL_02198,SELLER_015,SDR_004,SR_007,2025-03-27,smb,outbound,hot,yes,no,284,retailer,873,9284
MQL_02145,SELLER_028,SDR_012,SR_005,2025-03-17,enterprise,inbound,warm,yes,no,409,reseller,500,247648
MQL_02176,SELLER_018,SDR_012,SR_006,2025-03-13,smb,inbound,hot,no,yes,178,retailer,522,130793
MQL_02182,SELLER_004,SDR_003,SR_005,2025-03-01,smb,outbound,cold,yes,no,92,manufacturer,437,196145
MQL_02142,SELLER_012,SDR_002,SR_005,2025-03-06,mid_market,inbound,hot,yes,yes,446,reseller,510,22296
MQL_02192,SELLER_025,SDR_005,SR_003,2025-03-25,smb,outbound,warm,yes,no,271,reseller,1005,180111
MQL_02215,SELLER_009,SDR_002,SR_006,2025-03-20,smb,outbound,hot,no,yes,289,manufacturer,57,243792
MQL_02220,SELLER_026,SDR_002,SR_002,2025-03-20,smb,inbound,warm,yes,yes,255,retailer,739,12809
MQL_02241,SELLER_028,SDR_007,SR_007,2025-03-11,smb,outbound,hot,yes,yes,327,retailer,1010,207758
MQL_02148,SELLER_024,SDR_012,SR_002,2025-03-19,enterprise,inbound,cold,no,no,208,manufacturer,775,57196
MQL_02200,SELLER_002,SDR_008,SR_004,2025-03-02,smb,outbound,hot,yes,no,222,retailer,35,87619
MQL_02246,SELLER_015,SDR_002,SR_003,2025-03-28,smb,inbound,cold,yes,no,263,retailer,1149,195291
MQL_02193,SELLER_011,SDR_002,SR_010,2025-03-25,smb,outbound,hot,yes,no,160,reseller,238,19395
MQL_02199,SELLER_022,SDR_003,SR_005,2025-03-10,mid_market,inbound,warm,yes,no,48,retailer,765,24690
MQL_02217,SELLER_010,SDR_012,SR_005,2025-03-16,mid_market,inbound,hot,yes,no,104,retailer,210,232935
MQL_02213,SELLER_030,SDR_009,SR_010,2025-03-05,enterprise,inbound,warm,yes,yes,145,manufacturer,671,237890
MQL_02169,SELLER_006,SDR_010,SR_004,2025-03-04,enterprise,inbound,hot,yes,no,169,retailer,1128,244330
MQL_02180,SELLER_003,SDR_012,SR_009,2025-03-28,enterprise,outbound,cold,yes,yes,468,manufacturer,103,86760
MQL_02251,SELLER_003,SDR_011,SR_006,2025-03-14,mid_market,inbound,hot,yes,yes,495,retailer,28,33004
MQL_02168,SELLER_002,SDR_008,SR_006,2025-03-16,mid_market,inbound,warm,yes,yes,51,manufacturer,364,53530
MQL_02197,SELLER_030,SDR_010,SR_002,2025-03-21,enterprise,inbound,warm,yes,yes,96,retailer,1063,67544
MQL_02173,SELLER_001,SDR_011,SR_009,2025-03-14,mid_market,inbound,warm,yes,yes,230,reseller,815,55455
MQL_02333,SELLER_005,SDR_010,SR_003,2025-04-23,enterprise,inbound,cold,yes,yes,374,reseller,492,70534
MQL_02347,SELLER_002,SDR_012,SR_002,2025-04-24,enterprise,outbound,hot,yes,no,67,retailer,25,175879
MQL_02293,SELLER_023,SDR_002,SR_001,2025-04-07,mid_market,inbound,warm,yes,no,83,reseller,272,232751
MQL_02362,SELLER_011,SDR_007,SR_007,2025-04-12,enterprise,outbound,warm,yes,yes,115,manufacturer,743,54283
MQL_02364,SELLER_022,SDR_011,SR_004,2025-04-28,mid_market,outbound,warm,no,yes,139,reseller,907,126525
MQL_02332,SELLER_002,SDR_001,SR_008,2025-04-06,enterprise,outbound,hot,no,yes,461,manufacturer,308,79303
MQL_02327,SELLER_006,SDR_007,SR_001,2025-04-09,mid_market,inbound,cold,no,no,165,retailer,479,122792
MQL_02322,SELLER_023,SDR_005,SR_008,2025-04-07,mid_market,outbound,hot,no,yes,234,reseller,55,209736
MQL_02337,SELLER_021,SDR_008,SR_007,2025-04-08,smb,inbound,hot,yes,no,277,manufacturer,222,76253
MQL_02368,SELLER_022,SDR_009,SR_005,2025-04-28,enterprise,outbound,hot,yes,yes,133,manufacturer,536,217260
MQL_02372,SELLER_025,SDR_011,SR_009,2025-04-08,enterprise,inbound,cold,no,yes,86,reseller,690,206455
MQL_02274,SELLER_025,SDR_009,SR_007,2025-04-23,enterprise,outbound,hot,no,yes,105,reseller,647,193974
MQL_02349,SELLER_014,SDR_005,SR_005,2025-04-25,enterprise,inbound,cold,no,no,59,manufacturer,986,168740
MQL_02312,SELLER_029,SDR_004,SR_006,2025-04-07,smb,outbound,warm,no,yes,282,manufacturer,1029,64658
MQL_02291,SELLER_018,SDR_001,SR_002,2025-04-14,smb,inbound,hot,no,yes,114,manufacturer,864,145241
MQL_02341,SELLER_003,SDR_002,SR_009,2025-04-24,mid_market,inbound,hot,yes,yes,199,reseller,94,72228
MQL_02336,SELLER_030,SDR_010,SR_007,2025-04-01,smb,outbound,cold,no,yes,57,manufacturer,504,165372
MQL_02386,SELLER_003,SDR_005,SR_010,2025-04-04,enterprise,inbound,hot,no,no,287,reseller,33,247805
MQL_02259,SELLER_016,SDR_004,SR_007,2025-04-27,mid_market,inbound,hot,yes,no,10,manufacturer,734,98559
MQL_02273,SELLER_015,SDR_009,SR_003,2025-04-25,smb,inbound,cold,yes,no,108,reseller,341,66399
MQL_02310,SELLER_002,SDR_012,SR_003,2025-04-24,smb,inbound,hot,yes,no,245,reseller,940,64146
MQL_02334,SELLER_005,SDR_001,SR_002,2025-04-20,enterprise,inbound,warm,yes,no,88,retailer,149,223528
MQL_02283,SELLER_016,SDR_007,SR_001,2025-04-06,smb,outbound,hot,yes,no,65,reseller,342,60518
MQL_02354,SELLER_005,SDR_007,SR_002,2025-04-03,mid_market,inbound,cold,yes,no,375,retailer,1156,236690
MQL_02379,SELLER_017,SDR_010,SR_010,2025-04-22,mid_market,outbound,hot,yes,no,227,reseller,931,78184
MQL_02549,SELLER_019,SDR_012,SR_003,2025-04-21,smb,inbound,cold,yes,yes,133,reseller,1061,229999
MQL_02448,SELLER_018,SDR_002,SR_004,2025-04-20,enterprise,inbound,warm,yes,no,143,manufacturer,1144,40698
MQL_02399,SELLER_006,SDR_001,SR_007,2025-04-27,mid_market,inbound,hot,yes,yes,275,reseller,925,23726
MQL_02444,SELLER_024,SDR_011,SR_009,2025-04-14,smb,outbound,warm,yes,no,443,manufacturer,81,13678
MQL_02497,SELLER_001,SDR_001,SR_001,2025-04-25,enterprise,inbound,hot,yes,yes,397,retailer,186,26661
MQL_02469,SELLER_007,SDR_008,SR_002,2025-04-23,mid_market,outbound,hot,yes,yes,190,manufacturer,796,181207
MQL_02490,SELLER_026,SDR_009,SR_005,2025-04-04,mid_market,outbound,hot,yes,yes,317,retailer,1200,146561
MQL_02531,SELLER_010,SDR_008,SR_009,2025-04-16,smb,inbound,hot,yes,yes,170,manufacturer,980,15586
MQL_02513,SELLER_014,SDR_008,SR_001,2025-04-17,smb,inbound,hot,yes,yes,203,manufacturer,719,28249
MQL_02417,SELLER_024,SDR_009,SR_005,2025-04-12,enterprise,inbound,warm,no,yes,130,manufacturer,325,214112
MQL_02542,SELLER_017,SDR_004,SR_006,2025-04-09,mid_market,inbound,warm,yes,yes,411,retailer,788,196260
MQL_02423,SELLER_018,SDR_012,SR_001,2025-04-02,enterprise,outbound,hot,no,yes,133,manufacturer,1163,125592
MQL_02426,SELLER_012,SDR_001,SR_010,2025-04-20,enterprise,inbound,hot,yes,yes,147,reseller,270,231820
MQL_02407,SELLER_009,SDR_009,SR_002,2025-04-13,enterprise,inbound,warm,yes,yes,290,manufacturer,1040,235805
MQL_02452,SELLER_017,SDR_004,SR_007,2025-04-08,enterprise,inbound,cold,yes,no,147,reseller,337,181422
MQL_02530,SELLER_005,SDR_012,SR_007,2025-04-03,enterprise,outbound,cold,yes,no,218,manufacturer,344,10428
MQL_02422,SELLER_029,SDR_007,SR_003,2025-04-08,mid_market,outbound,hot,yes,no,408,manufacturer,188,126101
MQL_02537,SELLER_002,SDR_007,SR_005,2025-04-28,enterprise,outbound,hot,yes,no,397,manufacturer,106,53913
MQL_02516,SELLER_026,SDR_004,SR_006,2025-04-13,mid_market,inbound,warm,yes,yes,352,reseller,982,103899
MQL_02495,SELLER_014,SDR_005,SR_005,2025-04-10,enterprise,inbound,hot,yes,no,133,retailer,1045,140986
MQL_02640,SELLER_027,SDR_006,SR_004,2025-04-25,enterprise,outbound,cold,yes,yes,212,retailer,474,216472
MQL_02654,SELLER_026,SDR_002,SR_002,2025-04-05,smb,outbound,cold,no,yes,288,reseller,426,68201
MQL_02604,SELLER_003,SDR_011,SR_004,2025-04-19,mid_market,inbound,hot,no,no,125,reseller,852,229084
MQL_02689,SELLER_024,SDR_002,SR_002,2025-04-02,enterprise,outbound,warm,no,yes,246,retailer,853,209187
MQL_02585,SELLER_024,SDR_009,SR_001,2025-04-18,smb,inbound,hot,yes,yes,310,reseller,705,209113
MQL_02657,SELLER_004,SDR_009,SR_003,2025-04-14,enterprise,inbound,hot,no,no,251,retailer,1038,74176
MQL_02579,SELLER_010,SDR_010,SR_002,2025-04-24,enterprise,outbound,hot,yes,no,198,retailer,728,40107
MQL_02644,SELLER_003,SDR_005,SR_010,2025-04-02,smb,inbound,cold,yes,yes,286,manufacturer,482,65646
MQL_02584,SELLER_017,SDR_008,SR_006,2025-04-13,smb,inbound,warm,yes,yes,427,retailer,342,61514
MQL_02631,SELLER_020,SDR_009,SR_003,2025-04-20,smb,inbound,warm,yes,no,182,manufacturer,177,29176
MQL_02622,SELLER_030,SDR_001,SR_005,2025-04-09,smb,outbound,cold,yes,no,332,reseller,711,67298
MQL_02625,SELLER_030,SDR_007,SR_007,2025-04-16,mid_market,inbound,cold,yes,yes,392,reseller,893,209552
MQL_02623,SELLER_001,SDR_001,SR_004,2025-04-28,smb,inbound,warm,no,no,462,retailer,201,219478
MQL_02718,SELLER_018,SDR_003,SR_007,2025-04-17,enterprise,inbound,warm,no,no,400,retailer,312,167838
MQL_02764,SELLER_017,SDR_005,SR_005,2025-04-07,enterprise,inbound,hot,yes,no,468,retailer,30,213092
MQL_02734,SELLER_015,SDR_004,SR_006,2025-04-17,mid_market,inbound,warm,yes,no,33,reseller,498,174118
MQL_02802,SELLER_020,SDR_012,SR_002,2025-04-12,smb,inbound,cold,yes,no,363,retailer,56,163775
MQL_02773,SELLER_002,SDR_009,SR_006,2025-04-27,enterprise,inbound,warm,yes,yes,488,reseller,947,71910
MQL_02724,SELLER_026,SDR_003,SR_007,2025-04-19,enterprise,outbound,cold,no,no,435,retailer,954,28502
MQL_02756,SELLER_010,SDR_003,SR_009,2025-04-17,mid_market,outbound,cold,yes,yes,179,retailer,230,82177
MQL_02742,SELLER_025,SDR_009,SR_005,2025-04-01,enterprise,inbound,hot,yes,yes,104,reseller,622,209610
MQL_02727,SELLER_025,SDR_007,SR_007,2025-04-05,enterprise,inbound,warm,yes,no,89,manufacturer,261,124847
MQL_02737,SELLER_014,SDR_001,SR_008,2025-04-25,smb,inbound,warm,yes,yes,176,retailer,760,175443
MQL_02747,SELLER_029,SDR_009,SR_003,2025-04-08,enterprise,inbound,warm,yes,no,218,retailer,261,42344
MQL_02758,SELLER_019,SDR_010,SR_007,2025-04-23,mid_market,inbound,cold,yes,no,312,manufacturer,1135,182354
MQL_02760,SELLER_014,SDR_011,SR_005,2025-04-05,smb,outbound,cold,no,no,218,retailer,169,247079
MQL_02721,SELLER_007,SDR_001,SR_009,2025-04-27,mid_market,outbound,hot,yes,yes,423,retailer,662,154817
MQL_02770,SELLER_030,SDR_002,SR_005,2025-04-11,smb,outbound,warm,yes,yes,310,manufacturer,1062,76277
MQL_02810,SELLER_030,SDR_007,SR_002,2025-04-13,smb,inbound,warm,yes,yes,51,retailer,415,218467
MQL_02862,SELLER_011,SDR_001,SR_001,2025-04-20,smb,outbound,cold,yes,no,51,manufacturer,169,229876
MQL_02809,SELLER_011,SDR_001,SR_008,2025-04-24,mid_market,inbound,cold,yes,no,338,manufacturer,314,18185
MQL_02861,SELLER_012,SDR_004,SR_005,2025-04-24,mid_market,inbound,warm,no,no,316,manufacturer,820,47549
MQL_02818,SELLER_023,SDR_008,SR_003,2025-04-02,enterprise,outbound,warm,yes,yes,186,reseller,1157,214365
MQL_02838,SELLER_024,SDR_008,SR_008,2025-04-03,mid_market,inbound,hot,yes,no,21,manufacturer,1093,181850
MQL_02856,SELLER_009,SDR_002,SR_004,2025-04-18,smb,inbound,warm,yes,yes,489,reseller,663,98815
MQL_02822,SELLER_030,SDR_003,SR_004,2025-04-23,mid_market,outbound,hot,no,yes,247,reseller,439,227703
MQL_02808,SELLER_022,SDR_002,SR_002,2025-04-06,enterprise,inbound,hot,no,yes,122,manufacturer,507,221312
MQL_02858,SELLER_022,SDR_006,SR_003,2025-04-17,mid_market,outbound,cold,yes,no,72,reseller,466,122306
MQL_02850,SELLER_029,SDR_011,SR_009,2025-04-03,mid_market,outbound,warm,yes,yes,452,retailer,681,17526
MQL_02840,SELLER_028,SDR_007,SR_005,2025-04-05,enterprise,inbound,hot,no,no,155,reseller,504,123420
MQL_02835,SELLER_022,SDR_005,SR_002,2025-04-07,mid_market,outbound,cold,yes,yes,473,manufacturer,1043,179922
MQL_02846,SELLER_006,SDR_003,SR_002,2025-04-17,smb,inbound,cold,yes,no,467,retailer,1118,221877
MQL_02947,SELLER_029,SDR_002,SR_009,2025-04-08,smb,outbound,warm,yes,no,127,retailer,940,198668
MQL_02891,SELLER_016,SDR_012,SR_010,2025-04-01,enterprise,outbound,warm,yes,no,254,retailer,145,110554
MQL_02900,SELLER_016,SDR_004,SR_007,2025-04-28,enterprise,inbound,hot,yes,yes,202,retailer,314,27112
MQL_02933,SELLER_027,SDR_003,SR_003,2025-04-22,smb,outbound,warm,yes,yes,211,retailer,769,8888
MQL_02986,SELLER_011,SDR_009,SR_008,2025-04-25,smb,outbound,warm,yes,yes,277,retailer,376,24071
MQL_02920,SELLER_005,SDR_006,SR_010,2025-04-19,mid_market,outbound,cold,yes,no,130,manufacturer,1129,80708
MQL_02888,SELLER_018,SDR_001,SR_003,2025-04-26,smb,inbound,warm,yes,yes,349,retailer,907,193531
MQL_02940,SELLER_023,SDR_012,SR_005,2025-04-20,enterprise,outbound,cold,yes,no,461,retailer,711,226809
MQL_02936,SELLER_020,SDR_009,SR_009,2025-04-24,enterprise,inbound,cold,yes,no,187,manufacturer,1137,138047
MQL_02910,SELLER_026,SDR_001,SR_008,2025-04-15,smb,outbound,hot,yes,no,239,manufacturer,998,56377
MQL_02961,SELLER_025,SDR_011,SR_003,2025-04-18,smb,outbound,warm,no,yes,324,reseller,964,134734
MQL_02973,SELLER_018,SDR_008,SR_007,2025-04-20,enterprise,inbound,cold,no,no,377,reseller,285,88916
MQL_02929,SELLER_019,SDR_004,SR_008,2025-04-17,enterprise,inbound,cold,yes,yes,214,retailer,401,183871
MQL_02967,SELLER_026,SDR_004,SR_006,2025-04-21,smb,outbound,hot,yes,no,205,retailer,699,184729
MQL_02960,SELLER_019,SDR_001,SR_001,2025-04-15,enterprise,inbound,hot,yes,yes,408,retailer,721,228472
MQL_02954,SELLER_009,SDR_005,SR_003,2025-04-12,enterprise,outbound,warm,no,yes,81,manufacturer,622,53677
MQL_02944,SELLER_008,SDR_011,SR_003,2025-04-21,enterprise,outbound,warm,yes,yes,289,retailer,231,94177
MQL_02923,SELLER_006,SDR_005,SR_002,2025-04-13,enterprise,outbound,hot,yes,no,101,manufacturer,816,48956
MQL_02896,SELLER_006,SDR_007,SR_010,2025-04-19,smb,inbound,warm,yes,yes,124,retailer,237,151783
MQL_02964,SELLER_013,SDR_006,SR_006,2025-04-23,smb,outbound,cold,yes,no,496,retailer,684,9097
MQL_02921,SELLER_011,SDR_008,SR_005,2025-04-20,mid_market,inbound,hot,yes,no,331,retailer,265,235096
MQL_02974,SELLER_029,SDR_009,SR_010,2025-04-22,smb,inbound,warm,no,yes,34,reseller,1088,223372
MQL_02984,SELLER_011,SDR_010,SR_004,2025-04-23,mid_market,inbound,hot,yes,yes,211,manufacturer,200,90261
MQL_03020,SELLER_028,SDR_006,SR_001,2025-05-15,smb,outbound,hot,yes,no,496,reseller,92,208511
MQL_03076,SELLER_006,SDR_008,SR_007,2025-05-12,enterprise,inbound,cold,no,yes,319,retailer,289,203643
MQL_03121,SELLER_001,SDR_005,SR_006,2025-05-16,smb,inbound,cold,yes,no,93,reseller,697,151120
MQL_03018,SELLER_030,SDR_007,SR_007,2025-05-26,smb,outbound,cold,no,no,285,manufacturer,592,83289
MQL_03006,SELLER_006,SDR_003,SR_008,2025-05-28,enterprise,outbound,cold,yes,no,287,retailer,715,197122
MQL_03122,SELLER_014,SDR_006,SR_006,2025-05-19,enterprise,outbound,hot,yes,no,500,retailer,263,26752
MQL_03086,SELLER_023,SDR_007,SR_006,2025-05-26,smb,inbound,hot,yes,yes,89,manufacturer,782,172553
MQL_03015,SELLER_019,SDR_011,SR_004,2025-05-08,smb,inbound,hot,yes,no,454,manufacturer,161,59616
MQL_03039,SELLER_011,SDR_006,SR_008,2025-05-01,smb,inbound,cold,no,yes,359,reseller,601,84498
MQL_03072,SELLER_028,SDR_009,SR_009,2025-05-10,enterprise,outbound,warm,no,yes,265,retailer,474,115905
MQL_03106,SELLER_029,SDR_011,SR_008,2025-05-15,enterprise,outbound,cold,no,yes,392,reseller,285,101021
MQL_03117,SELLER_017,SDR_012,SR_003,2025-05-28,mid_market,outbound,hot,yes,yes,422,reseller,1132,216741
MQL_03097,SELLER_004,SDR_012,SR_003,2025-05-27,smb,inbound,hot,yes,yes,459,retailer,34,169341
MQL_03046,SELLER_020,SDR_002,SR_001,2025-05-10,mid_market,inbound,hot,yes,no,144,manufacturer,347,58466
MQL_03053,SELLER_018,SDR_008,SR_006,2025-05-23,smb,inbound,warm,no,yes,350,manufacturer,382,211287
MQL_03116,SELLER_029,SDR_006,SR_008,2025-05-06,mid_market,outbound,warm,yes,no,257,reseller,796,45568
MQL_03101,SELLER_019,SDR_001,SR_006,2025-05-28,smb,inbound,cold,no,no,470,retailer,1154,68200
MQL_03060,SELLER_004,SDR_007,SR_001,2025-05-24,enterprise,inbound,cold,no,yes,340,manufacturer,379,21599
MQL_03005,SELLER_022,SDR_004,SR_004,2025-05-15,mid_market,inbound,cold,yes,yes,176,reseller,373,45682
MQL_03023,SELLER_019,SDR_010,SR_004,2025-05-19,enterprise,outbound,hot,yes,no,419,manufacturer,174,172865
MQL_03095,SELLER_008,SDR_009,SR_009,2025-05-10,smb,inbound,hot,yes,no,369,reseller,1126,58264
MQL_03047,SELLER_018,SDR_005,SR_005,2025-05-11,mid_market,inbound,warm,no,no,122,reseller,825,80980
MQL_03128,SELLER_011,SDR_004,SR_010,2025-05-02,mid_market,outbound,cold,yes,yes,261,retailer,689,41248
MQL_03269,SELLER_018,SDR_009,SR_004,2025-05-19,smb,inbound,hot,yes,yes,416,manufacturer,833,196156
MQL_03208,SELLER_024,SDR_001,SR_009,2025-05-26,smb,inbound,hot,yes,no,399,retailer,1021,164011
MQL_03189,SELLER_022,SDR_008,SR_009,2025-05-26,enterprise,outbound,warm,yes,no,351,retailer,751,53406
MQL_03187,SELLER_021,SDR_009,SR_007,2025-05-08,smb,inbound,hot,yes,no,164,reseller,814,174189
MQL_03270,SELLER_027,SDR_010,SR_010,2025-05-03,mid_market,inbound,warm,yes,no,437,reseller,450,233591
MQL_03250,SELLER_019,SDR_002,SR_001,2025-05-24,smb,inbound,cold,yes,yes,57,manufacturer,427,130296
MQL_03152,SELLER_021,SDR_012,SR_009,2025-05-09,smb,inbound,cold,yes,yes,305,manufacturer,982,26665
MQL_03169,SELLER_022,SDR_010,SR_008,2025-05-07,smb,inbound,hot,no,yes,334,reseller,330,35293
MQL_03237,SELLER_006,SDR_002,SR_008,2025-05-07,mid_market,outbound,cold,yes,yes,68,retailer,202,35391
MQL_03272,SELLER_013,SDR_007,SR_002,2025-05-04,smb,inbound,hot,yes,yes,238,reseller,722,178465
MQL_03235,SELLER_030,SDR_009,SR_008,2025-05-24,smb,inbound,cold,yes,yes,160,retailer,414,118101
MQL_03123,SELLER_011,SDR_004,SR_009,2025-05-13,smb,inbound,warm,yes,yes,86,manufacturer,380,31334
MQL_03170,SELLER_010,SDR_001,SR_009,2025-05-03,enterprise,outbound,cold,yes,no,450,reseller,1200,179305
MQL_03167,SELLER_005,SDR_003,SR_010,2025-05-11,mid_market,outbound,hot,yes,yes,368,manufacturer,736,194156
MQL_03140,SELLER_027,SDR_002,SR_001,2025-05-13,smb,outbound,hot,no,yes,407,reseller,488,123943
MQL_03164,SELLER_005,SDR_005,SR_004,2025-05-04,mid_market,outbound,cold,yes,no,208,manufacturer,286,60577
MQL_03343,SELLER_002,SDR_003,SR_010,2025-05-09,enterprise,inbound,warm,yes,no,228,retailer,65,113092
MQL_03296,SELLER_005,SDR_003,SR_005,2025-05-08,enterprise,inbound,warm,yes,no,497,reseller,35,63153
MQL_03316,SELLER_023,SDR_005,SR_001,2025-05-23,smb,inbound,hot,yes,no,474,manufacturer,1036,152961
MQL_03283,SELLER_021,SDR_008,SR_006,2025-05-25,mid_market,outbound,cold,yes,no,236,retailer,732,102509
MQL_03313,SELLER_014,SDR_003,SR_004,2025-05-10,mid_market,outbound,hot,yes,no,246,manufacturer,25,33982
MQL_03400,SELLER_018,SDR_001,SR_002,2025-05-02,enterprise,inbound,hot,yes,yes,422,retailer,864,150186
MQL_03290,SELLER_004,SDR_008,SR_007,2025-05-08,mid_market,inbound,warm,yes,no,274,reseller,1134,8441
MQL_03385,SELLER_004,SDR_012,SR_006,2025-05-17,mid_market,inbound,hot,yes,yes,185,retailer,144,126492
MQL_03308,SELLER_007,SDR_009,SR_001,2025-05-03,mid_market,outbound,hot,yes,yes,246,retailer,489,92068
MQL_03369,SELLER_002,SDR_005,SR_006,2025-05-03,enterprise,outbound,warm,yes,yes,420,manufacturer,378,34938
MQL_03318,SELLER_007,SDR_001,SR_001,2025-05-23,enterprise,outbound,hot,yes,no,238,manufacturer,899,161279
MQL_03399,SELLER_016,SDR_001,SR_004,2025-05-09,smb,inbound,warm,yes,yes,320,manufacturer,340,220635
MQL_03336,SELLER_030,SDR_008,SR_005,2025-05-26,mid_market,outbound,warm,yes,yes,190,retailer,151,142524
MQL_03419,SELLER_027,SDR_003,SR_008,2025-05-08,smb,inbound,hot,yes,no,222,manufacturer,225,86422
MQL_03403,SELLER_021,SDR_010,SR_001,2025-05-11,smb,inbound,hot,no,no,351,manufacturer,274,244581
MQL_03424,SELLER_001,SDR_006,SR_004,2025-05-19,enterprise,inbound,warm,yes,yes,140,retailer,1047,14934
MQL_03505,SELLER_019,SDR_005,SR_010,2025-05-26,mid_market,outbound,cold,no,yes,341,reseller,426,126437
MQL_03455,SELLER_015,SDR_011,SR_002,2025-05-19,mid_market,outbound,cold,yes,yes,220,manufacturer,223,43912
MQL_03496,SELLER_016,SDR_005,SR_001,2025-05-07,mid_market,outbound,cold,yes,yes,129,reseller,680,119529
MQL_03452,SELLER_007,SDR_012,SR_009,2025-05-06,enterprise,outbound,cold,yes,no,423,reseller,157,191512
MQL_03491,SELLER_030,SDR_005,SR_003,2025-05-27,mid_market,inbound,hot,yes,no,36,retailer,963,219909
MQL_03492,SELLER_028,SDR_003,SR_002,2025-05-18,smb,outbound,hot,yes,yes,332,retailer,551,29924
MQL_03430,SELLER_030,SDR_009,SR_002,2025-05-28,smb,outbound,cold,no,yes,469,reseller,191,121511
MQL_03513,SELLER_024,SDR_009,SR_009,2025-05-01,enterprise,outbound,cold,yes,yes,289,manufacturer,552,84721
MQL_03494,SELLER_005,SDR_003,SR_002,2025-05-18,mid_market,outbound,cold,yes,no,269,manufacturer,916,249451
MQL_03511,SELLER_018,SDR_003,SR_001,2025-05-01,smb,outbound,cold,yes,no,252,manufacturer,989,179741
MQL_03512,SELLER_027,SDR_003,SR_004,2025-05-03,mid_market,inbound,warm,no,yes,401,retailer,192,249881
MQL_03502,SELLER_017,SDR_008,SR_010,2025-05-06,mid_market,inbound,cold,no,yes,247,retailer,823,156675
MQL_03456,SELLER_030,SDR_008,SR_001,2025-05-22,mid_market,inbound,cold,yes,yes,375,reseller,549,242167
MQL_03567,SELLER_029,SDR_012,SR_009,2025-05-22,enterprise,inbound,warm,no,no,64,manufacturer,835,52638
MQL_03554,SELLER_021,SDR_001,SR_010,2025-05-10,mid_market,outbound,cold,no,no,289,reseller,562,165380
MQL_03544,SELLER_001,SDR_005,SR_008,2025-05-14,enterprise,outbound,hot,yes,no,15,reseller,1168,93609
MQL_03524,SELLER_013,SDR_003,SR_003,2025-05-04,mid_market,inbound,cold,no,no,287,retailer,276,5089
MQL_03539,SELLER_019,SDR_004,SR_005,2025-05-17,enterprise,outbound,cold,yes,yes,460,manufacturer,301,72772
MQL_03573,SELLER_016,SDR_003,SR_009,2025-05-13,mid_market,inbound,warm,yes,yes,55,manufacturer,171,61217
MQL_03519,SELLER_004,SDR_010,SR_004,2025-05-27,mid_market,inbound,hot,no,yes,129,reseller,993,193668
MQL_03548,SELLER_029,SDR_001,SR_006,2025-05-14,smb,inbound,hot,yes,no,294,retailer,213,110017
MQL_03552,SELLER_025,SDR_012,SR_001,2025-05-11,smb,outbound,warm,yes,no,84,manufacturer,275,166554
MQL_03558,SELLER_014,SDR_006,SR_001,2025-05-04,smb,outbound,warm,yes,no,215,reseller,982,203077
MQL_03532,SELLER_016,SDR_012,SR_002,2025-05-24,enterprise,inbound,cold,yes,yes,289,retailer,25,232095
MQL_03528,SELLER_015,SDR_009,SR_003,2025-05-13,smb,outbound,hot,no,no,221,retailer,234,211379
MQL_03568,SELLER_027,SDR_006,SR_010,2025-05-08,smb,outbound,cold,no,no,289,manufacturer,1122,166849
MQL_03535,SELLER_030,SDR_004,SR_010,2025-05-26,mid_market,outbound,warm,no,no,362,reseller,690,94203
MQL_03616,SELLER_012,SDR_002,SR_002,2025-05-02,mid_market,inbound,warm,yes,yes,436,retailer,1121,202317
MQL_03678,SELLER_018,SDR_007,SR_004,2025-05-25,mid_market,outbound,hot,no,yes,61,retailer,552,90892
MQL_03660,SELLER_020,SDR_001,SR_007,2025-05-12,mid_market,inbound,hot,yes,no,423,reseller,631,144028
MQL_03582,SELLER_009,SDR_003,SR_001,2025-05-19,mid_market,outbound,warm,yes,no,230,manufacturer,860,18107
MQL_03590,SELLER_026,SDR_007,SR_005,2025-05-11,smb,inbound,warm,yes,no,452,manufacturer,1023,203250
MQL_03591,SELLER_011,SDR_009,SR_001,2025-05-15,enterprise,outbound,warm,yes,yes,108,retailer,79,116450
MQL_03654,SELLER_008,SDR_006,SR_005,2025-05-05,mid_market,outbound,hot,yes,no,182,retailer,612,19206
MQL_03593,SELLER_013,SDR_011,SR_006,2025-05-04,enterprise,outbound,hot,yes,yes,365,retailer,891,47012
MQL_03668,SELLER_006,SDR_002,SR_003,2025-05-28,smb,outbound,hot,no,no,461,manufacturer,990,86426
MQL_03652,SELLER_005,SDR_006,SR_010,2025-05-13,smb,outbound,hot,yes,yes,100,manufacturer,224,29195
MQL_03662,SELLER_030,SDR_009,SR_005,2025-05-12,enterprise,outbound,hot,yes,yes,65,manufacturer,1077,108830
MQL_03599,SELLER_023,SDR_008,SR_009,2025-05-16,smb,inbound,hot,yes,no,237,reseller,579,121946
MQL_03583,SELLER_023,SDR_007,SR_005,2025-05-05,smb,outbound,hot,yes,yes,480,reseller,129,58448
MQL_03663,SELLER_009,SDR_004,SR_008,2025-05-17,mid_market,inbound,warm,yes,no,453,retailer,118,125901
MQL_03675,SELLER_012,SDR_011,SR_003,2025-05-18,mid_market,outbound,cold,yes,no,75,reseller,1161,187115
MQL_03637,SELLER_008,SDR_009,SR_006,2025-05-25,mid_market,outbound,warm,yes,yes,356,manufacturer,541,85085
MQL_03622,SELLER_012,SDR_005,SR_008,2025-05-21,mid_market,inbound,hot,yes,yes,81,reseller,335,191889
MQL_03607,SELLER_010,SDR_009,SR_010,2025-05-15,enterprise,outbound,cold,yes,no,234,manufacturer,442,68673
MQL_03665,SELLER_010,SDR_011,SR_003,2025-05-22,mid_market,inbound,hot,yes,no,360,reseller,169,240336
MQL_03624,SELLER_012,SDR_012,SR_001,2025-05-16,enterprise,inbound,hot,no,yes,433,reseller,542,91232
MQL_03664,SELLER_021,SDR_004,SR_001,2025-05-23,mid_market,inbound,warm,yes,no,329,reseller,697,227237
MQL_03762,SELLER_009,SDR_007,SR_001,2025-06-09,enterprise,inbound,cold,yes,yes,253,retailer,465,123052
MQL_03687,SELLER_026,SDR_009,SR_002,2025-06-23,smb,outbound,hot,yes,yes,284,manufacturer,1048,139346
MQL_03693,SELLER_009,SDR_009,SR_007,2025-06-22,enterprise,outbound,cold,yes,yes,166,manufacturer,1005,156722
MQL_03710,SELLER_005,SDR_008,SR_002,2025-06-23,mid_market,outbound,cold,yes,no,202,reseller,94,217395
MQL_03701,SELLER_028,SDR_012,SR_010,2025-06-03,enterprise,outbound,cold,yes,yes,147,reseller,437,223009
MQL_03785,SELLER_021,SDR_004,SR_010,2025-06-18,mid_market,inbound,cold,yes,yes,300,reseller,329,34551
MQL_03796,SELLER_022,SDR_009,SR_008,2025-06-21,smb,outbound,hot,yes,yes,274,retailer,121,191565
MQL_03744,SELLER_018,SDR_004,SR_003,2025-06-19,smb,inbound,hot,yes,yes,104,reseller,379,238036
MQL_03748,SELLER_001,SDR_002,SR_009,2025-06-01,mid_market,outbound,warm,no,yes,33,reseller,1060,225535
MQL_03720,SELLER_020,SDR_011,SR_009,2025-06-21,enterprise,outbound,cold,no,yes,15,retailer,191,219389
MQL_03749,SELLER_007,SDR_006,SR_007,2025-06-10,smb,outbound,hot,yes,no,485,manufacturer,519,173074
MQL_03799,SELLER_019,SDR_009,SR_001,2025-06-03,mid_market,outbound,warm,yes,yes,171,manufacturer,856,232109
MQL_03692,SELLER_011,SDR_011,SR_002,2025-06-19,smb,inbound,hot,yes,no,437,manufacturer,393,5919
MQL_03791,SELLER_027,SDR_005,SR_006,2025-06-12,enterprise,outbound,warm,yes,no,20,retailer,114,119271
MQL_03738,SELLER_029,SDR_011,SR_007,2025-06-14,mid_market,outbound,hot,yes,yes,473,retailer,824,245160
MQL_03728,SELLER_010,SDR_002,SR_002,2025-06-12,enterprise,inbound,warm,yes,no,287,manufacturer,225,109549
MQL_03706,SELLER_027,SDR_010,SR_005,2025-06-20,enterprise,outbound,hot,yes,no,405,retailer,418,117694
MQL_03719,SELLER_018,SDR_004,SR_005,2025-06-14,enterprise,inbound,warm,no,yes,208,retailer,960,210759
MQL_03716,SELLER_017,SDR_004,SR_009,2025-06-01,mid_market,inbound,warm,no,yes,196,reseller,779,215462
MQL_03806,SELLER_014,SDR_003,SR_006,2025-06-19,mid_market,inbound,cold,no,no,21,retailer,504,38162
MQL_03769,SELLER_003,SDR_003,SR_007,2025-06-01,enterprise,outbound,warm,yes,no,17,manufacturer,181,150043
MQL_03730,SELLER_001,SDR_010,SR_006,2025-06-28,smb,inbound,warm,yes,no,271,manufacturer,261,125735
MQL_03892,SELLER_006,SDR_003,SR_003,2025-06-09,enterprise,outbound,warm,yes,no,37,retailer,561,194007
MQL_03841,SELLER_012,SDR_005,SR_003,2025-06-24,smb,outbound,cold,yes,no,258,reseller,673,119063
MQL_03989,SELLER_017,SDR_003,SR_001,2025-06-25,enterprise,inbound,hot,yes,no,435,reseller,1196,9734
MQL_03853,SELLER_002,SDR_002,SR_007,2025-06-24,smb,outbound,warm,yes,yes,245,reseller,452,221866
MQL_03942,SELLER_009,SDR_008,SR_003,2025-06-05,enterprise,inbound,cold,yes,no,12,reseller,202,132264
MQL_03893,SELLER_021,SDR_009,SR_003,2025-06-17,smb,outbound,cold,no,yes,56,reseller,879,24002
MQL_03916,SELLER_030,SDR_009,SR_006,2025-06-13,smb,outbound,hot,yes,no,492,retailer,140,28977
MQL_03972,SELLER_019,SDR_006,SR_001,2025-06-04,enterprise,inbound,warm,yes,yes,171,reseller,895,26199
MQL_03865,SELLER_029,SDR_001,SR_006,2025-06-24,smb,outbound,hot,yes,yes,32,reseller,966,23580
MQL_03837,SELLER_014,SDR_010,SR_006,2025-06-26,enterprise,inbound,hot,no,no,473,retailer,197,234967
MQL_03842,SELLER_019,SDR_005,SR_009,2025-06-17,enterprise,outbound,cold,yes,yes,425,retailer,308,214046
MQL_03956,SELLER_017,SDR_008,SR_007,2025-06-19,enterprise,inbound,warm,yes,yes,314,manufacturer,591,128788
MQL_03983,SELLER_004,SDR_007,SR_002,2025-06-25,enterprise,inbound,warm,yes,no,425,retailer,189,60893
MQL_03959,SELLER_024,SDR_002,SR_001,2025-06-25,mid_market,outbound,hot,yes,no,406,retailer,845,63138
MQL_03855,SELLER_006,SDR_002,SR_008,2025-06-22,mid_market,inbound,cold,yes,no,141,retailer,515,93446
MQL_03889,SELLER_030,SDR_003,SR_007,2025-06-28,enterprise,inbound,warm,yes,no,29,retailer,899,122389
MQL_03973,SELLER_019,SDR_009,SR_004,2025-06-07,enterprise,outbound,warm,yes,no,100,manufacturer,486,105302
MQL_03969,SELLER_030,SDR_011,SR_005,2025-06-26,mid_market,inbound,cold,yes,no,181,reseller,932,218989
MQL_03921,SELLER_030,SDR_005,SR_001,2025-06-15,mid_market,outbound,warm,yes,no,50,manufacturer,833,46800
MQL_03929,SELLER_019,SDR_003,SR_001,2025-06-07,enterprise,inbound,cold,yes,no,64,reseller,1030,169873
MQL_03997,SELLER_023,SDR_003,SR_003,2025-06-22,enterprise,inbound,warm,yes,yes,171,manufacturer,190,183936
MQL_04016,SELLER_001,SDR_002,SR_003,2025-06-06,smb,outbound,warm,yes,yes,15,reseller,875,204110
MQL_04049,SELLER_023,SDR_001,SR_002,2025-06-26,mid_market,inbound,warm,yes,yes,474,manufacturer,551,120383
MQL_04015,SELLER_029,SDR_010,SR_006,2025-06-21,smb,outbound,warm,yes,no,61,manufacturer,411,226387
MQL_04011,SELLER_015,SDR_010,SR_009,2025-06-05,smb,outbound,cold,yes,yes,477,reseller,154,17620
MQL_04108,SELLER_013,SDR_005,SR_010,2025-06-01,smb,outbound,cold,yes,yes,363,retailer,262,5787
MQL_04119,SELLER_012,SDR_003,SR_001,2025-06-09,smb,outbound,hot,yes,yes,46,retailer,634,169327
MQL_04089,SELLER_030,SDR_002,SR_004,2025-06-20,enterprise,outbound,cold,yes,no,187,reseller,785,184837
MQL_04014,SELLER_011,SDR_003,SR_001,2025-06-19,mid_market,outbound,hot,yes,yes,218,manufacturer,1186,156416
MQL_03994,SELLER_021,SDR_001,SR_007,2025-06-01,enterprise,outbound,cold,yes,yes,289,manufacturer,919,130173
MQL_04026,SELLER_002,SDR_012,SR_004,2025-06-09,mid_market,outbound,cold,yes,yes,349,reseller,1187,227371
MQL_04074,SELLER_010,SDR_010,SR_006,2025-06-10,smb,inbound,hot,no,no,244,manufacturer,341,92601
MQL_04065,SELLER_001,SDR_004,SR_003,2025-06-11,enterprise,outbound,hot,yes,no,118,manufacturer,661,71873
MQL_04103,SELLER_029,SDR_007,SR_003,2025-06-05,mid_market,inbound,warm,yes,yes,308,reseller,402,178406
MQL_04003,SELLER_023,SDR_003,SR_004,2025-06-19,smb,outbound,warm,yes,yes,17,retailer,85,154767
MQL_04190,SELLER_001,SDR_003,SR_002,2025-06-08,smb,outbound,warm,no,yes,416,reseller,33,78817
MQL_04223,SELLER_011,SDR_008,SR_006,2025-06-22,enterprise,outbound,warm,yes,yes,97,retailer,887,86706
MQL_04142,SELLER_013,SDR_001,SR_004,2025-06-06,smb,outbound,cold,yes,yes,462,retailer,309,124950
MQL_04182,SELLER_012,SDR_009,SR_003,2025-06-12,smb,outbound,warm,no,yes,365,retailer,278,5287
MQL_04168,SELLER_004,SDR_002,SR_006,2025-06-15,smb,inbound,cold,yes,yes,106,manufacturer,364,30945
MQL_04137,SELLER_026,SDR_010,SR_003,2025-06-21,smb,outbound,cold,yes,no,380,reseller,769,153253
MQL_04218,SELLER_014,SDR_002,SR_002,2025-06-04,enterprise,outbound,hot,yes,no,291,retailer,187,196451
MQL_04206,SELLER_029,SDR_006,SR_010,2025-06-19,enterprise,outbound,cold,no,yes,370,retailer,212,105065
MQL_04208,SELLER_017,SDR_001,SR_001,2025-06-18,mid_market,inbound,warm,yes,yes,290,manufacturer,336,138305
MQL_04189,SELLER_016,SDR_003,SR_009,2025-06-19,mid_market,outbound,warm,yes,yes,273,reseller,364,194368
MQL_04202,SELLER_016,SDR_003,SR_001,2025-06-25,smb,inbound,cold,yes,no,284,reseller,488,40460
MQL_04169,SELLER_005,SDR_001,SR_005,2025-06-22,smb,outbound,warm,no,no,345,reseller,289,247366
MQL_04292,SELLER_002,SDR_005,SR_003,2025-06-07,smb,inbound,hot,no,no,193,reseller,231,68884
MQL_04239,SELLER_023,SDR_004,SR_001,2025-06-12,smb,inbound,warm,yes,yes,218,manufacturer,830,56653
MQL_04233,SELLER_022,SDR_001,SR_006,2025-06-01,enterprise,inbound,warm,no,no,192,manufacturer,216,165197
MQL_04278,SELLER_008,SDR_003,SR_002,2025-06-18,enterprise,inbound,cold,yes,yes,222,retailer,171,128122
MQL_04271,SELLER_013,SDR_010,SR_001,2025-06-10,smb,inbound,hot,yes,no,136,retailer,1128,220266
MQL_04250,SELLER_003,SDR_010,SR_007,2025-06-09,mid_market,inbound,hot,yes,yes,490,reseller,879,132624
MQL_04269,SELLER_017,SDR_001,SR_006,2025-06-01,mid_market,outbound,warm,no,no,498,reseller,804,66307
MQL_04225,SELLER_013,SDR_003,SR_002,2025-06-23,enterprise,outbound,warm,yes,yes,165,retailer,607,209158
MQL_04268,SELLER_026,SDR_005,SR_005,2025-06-25,enterprise,inbound,warm,no,no,110,retailer,647,163507
MQL_04291,SELLER_007,SDR_012,SR_004,2025-06-25,enterprise,outbound,warm,yes,no,341,retailer,791,48850
MQL_04272,SELLER_007,SDR_003,SR_003,2025-06-15,mid_market,inbound,warm,yes,yes,161,reseller,543,61739
MQL_04265,SELLER_014,SDR_011,SR_003,2025-06-26,enterprise,outbound,cold,yes,no,354,reseller,227,183042
MQL_04283,SELLER_028,SDR_009,SR_001,2025-06-17,enterprise,outbound,cold,yes,no,85,retailer,511,194885
MQL_04286,SELLER_030,SDR_012,SR_002,2025-06-10,enterprise,outbound,warm,yes,yes,296,manufacturer,510,237616
MQL_04284,SELLER_024,SDR_005,SR_008,2025-06-05,smb,outbound,cold,yes,no,282,reseller,480,69362
MQL_04227,SELLER_007,SDR_001,SR_004,2025-06-09,smb,inbound,cold,yes,no,217,reseller,785,193420
MQL_04282,SELLER_012,SDR_008,SR_007,2025-06-09,enterprise,outbound,warm,yes,no,215,retailer,569,194201
MQL_04409,SELLER_006,SDR_006,SR_005,2025-06-03,mid_market,inbound,cold,yes,no,483,retailer,647,138181
MQL_04411,SELLER_027,SDR_006,SR_003,2025-06-03,mid_market,inbound,warm,yes,no,213,manufacturer,934,52637
MQL_04375,SELLER_028,SDR_004,SR_001,2025-06-04,mid_market,outbound,hot,yes,no,407,retailer,263,74650
MQL_04336,SELLER_013,SDR_002,SR_005,2025-06-06,smb,outbound,cold,yes,yes,415,reseller,870,219061
MQL_04319,SELLER_010,SDR_006,SR_005,2025-06-04,smb,inbound,warm,no,yes,346,manufacturer,482,32328
MQL_04340,SELLER_029,SDR_001,SR_001,2025-06-22,enterprise,inbound,warm,yes,yes,82,reseller,182,101563
MQL_04324,SELLER_018,SDR_008,SR_002,2025-06-24,enterprise,outbound,warm,yes,yes,195,retailer,592,198757
MQL_04349,SELLER_014,SDR_009,SR_008,2025-06-06,mid_market,outbound,cold,no,yes,67,manufacturer,417,173510
MQL_04341,SELLER_028,SDR_011,SR_001,2025-06-06,enterprise,outbound,warm,yes,yes,473,manufacturer,967,123742
MQL_04366,SELLER_019,SDR_007,SR_007,2025-06-05,enterprise,outbound,warm,yes,yes,249,reseller,248,78048
MQL_04354,SELLER_021,SDR_001,SR_006,2025-06-02,smb,outbound,cold,yes,yes,484,manufacturer,686,175151
MQL_04403,SELLER_022,SDR_001,SR_001,2025-06-17,smb,inbound,warm,yes,yes,43,manufacturer,401,88830
MQL_04328,SELLER_022,SDR_004,SR_002,2025-06-15,mid_market,inbound,cold,yes,yes,303,retailer,272,206651
MQL_04344,SELLER_025,SDR_007,SR_009,2025-06-07,enterprise,inbound,warm,yes,yes,111,reseller,425,104112
MQL_04343,SELLER_012,SDR_006,SR_003,2025-06-20,enterprise,outbound,hot,yes,yes,304,retailer,1012,210545
MQL_04387,SELLER_012,SDR_003,SR_006,2025-06-08,enterprise,outbound,cold,yes,yes,85,reseller,328,172755
MQL_04370,SELLER_025,SDR_008,SR_004,2025-06-23,enterprise,inbound,cold,yes,yes,157,manufacturer,990,186191
MQL_04393,SELLER_027,SDR_004,SR_006,2025-06-23,smb,inbound,hot,no,no,54,retailer,736,14111
MQL_04358,SELLER_013,SDR_002,SR_001,2025-06-16,enterprise,outbound,hot,yes,no,320,manufacturer,267,205406
MQL_04342,SELLER_026,SDR_003,SR_004,2025-06-17,mid_market,inbound,hot,yes,no,73,reseller,831,31155
MQL_04397,SELLER_021,SDR_009,SR_004,2025-06-12,enterprise,inbound,cold,yes,no,351,retailer,910,246970
MQL_04302,SELLER_025,SDR_005,SR_009,2025-06-23,mid_market,outbound,warm,yes,no,236,manufacturer,288,43049
MQL_04410,SELLER_007,SDR_012,SR_003,2025-06-07,smb,inbound,cold,yes,yes,396,retailer,618,71520
MQL_04320,SELLER_012,SDR_009,SR_010,2025-06-05,smb,inbound,hot,yes,no,39,manufacturer,394,220234
MQL_04329,SELLER_011,SDR_004,SR_006,2025-06-20,enterprise,inbound,warm,yes,no,452,reseller,156,229155
MQL_04310,SELLER_004,SDR_009,SR_001,2025-06-21,mid_market,outbound,cold,no,no,63,reseller,32,132288
